2024/9/20 18:45,5,1,300,,,
0.05581,0.069937,433.3322,2521.506,0.998756,,
2024/9/20 18:46,5,1,200,,,
2024/9/20 18:50,5,1,300,,,
1.042994,1.25887,0.001,0.0004,-0.012613,,
2024/9/20 18:50,5,1,200,,,
1.059322,1.272295,0.001,0.0004,-0.011106,,
2024/9/20 18:51,5,1,100,,,
1.003839,1.210895,0.001,0.0004,-0.008749,,
2025-02-19  *07:30:02,16QAM,frequency1:1G,frequency2:5G,memory depth:5,,
2025-02-19  *07:30:28,16QAM,frequency1:1G,frequency2:5G,memory depth:5,,
2025-02-19  *07:30:53,16QAM,frequency1:1G,frequency2:5G,memory depth:5,,
2025-02-19  *07:31:27,16QAM,frequency1:1G,frequency2:5G,memory depth:5,,
2025-02-19  *07:37:55,16QAM,frequency1:1G,frequency2:5G,memory depth:5,,
2025-02-19  *07:38:39,16QAM,frequency1:1G,frequency2:5G,memory depth:5,,
2025-02-19  *07:40:20,16QAM,frequency1:1G,frequency2:5G,memory depth:5,,
2025-02-20  *09:04:44,16QAM,frequency1:1G,frequency2:5G,memory depth:5,,
2025-02-20  *09:05:39,16QAM,frequency1:1G,frequency2:5G,memory depth:5,,
2025-02-21  *02:19:31,16QAM,frequency1:1G,frequency2:5G,memory depth:5,,
2025-02-21  *02:24:44,16QAM,frequency1:1G,frequency2:5G,memory depth:5,,
2025-02-21  *02:25:45,16QAM,frequency1:1G,frequency2:5G,memory depth:5,,
2025-02-21  *02:30:10,16QAM,frequency1:1G,frequency2:5G,memory depth:5,,
2025-02-21  *02:55:35,16QAM,frequency1:1G,frequency2:5G,memory depth:5,,
2025-02-21  *02:56:50,16QAM,frequency1:1G,frequency2:5G,memory depth:5,,
2025-02-21  *03:25:55,16QAM,frequency1:1G,frequency2:5G,memory depth:5,,
2025-02-21  *03:27:25,16QAM,frequency1:1G,frequency2:5G,memory depth:5,,
2025-02-21  *03:28:45,16QAM,frequency1:1G,frequency2:5G,memory depth:5,,
2025-02-21  *03:36:44,16QAM,frequency1:1G,frequency2:5G,memory depth:5,,
2025-02-21  *03:38:34,16QAM,frequency1:1G,frequency2:5G,memory depth:5,,
0.002192,0.086147,-10.647579,0.87258,508.1743,79799.298,Transformer
2025-02-21  *03:44:37,16QAM,frequency1:1G,frequency2:5G,memory depth:5,,
0.002192,0.086147,-10.647579,0.87258,508.1743,79799.298,Transformer
2025-02-21  *03:45:46,16QAM,frequency1:1G,frequency2:5G,memory depth:5,,
2025-02-21  *03:53:15,16QAM,frequency1:1G,frequency2:5G,memory depth:5,,
2025-02-21  *03:56:56,16QAM,frequency1:1G,frequency2:5G,memory depth:5,,
0.002192,0.086147,-10.647579,0.87258,508.1743,79799.298,Transformer
2025-02-21  *04:04:43,16QAM,frequency1:1G,frequency2:5G,memory depth:5,,
0.002192,0.086147,-10.647579,0.87258,508.1743,79799.298,Transformer
2025-02-21  *04:04:59,16QAM,frequency1:1G,frequency2:5G,memory depth:5,,
0.002192,0.086147,-10.647579,0.87258,508.1743,79799.298,Transformer
2025-02-21  *04:12:10,16QAM,frequency1:1G,frequency2:5G,memory depth:5,,
2025-02-21  *04:12:33,16QAM,frequency1:1G,frequency2:5G,memory depth:5,,
0.00022,0.008652,-20.628946,0.949489,508.1743,79799.298,Transformer
2025-02-21  *04:19:17,64QAM,frequency1:4G,frequency2:20G,memory depth:10,,
0.006916,0.025013,-16.018417,0.88548,907.1452,79799.298,Transformer
2025-02-21  *05:48:29,64QAM,frequency1:4G,frequency2:20G,memory depth:10,,
2025-02-21  *05:48:54,64QAM,frequency1:4G,frequency2:20G,memory depth:10,,
2025-02-21  *05:49:12,64QAM,frequency1:4G,frequency2:20G,memory depth:10,,
0.006462,0.023373,-16.312809,0.88809,907.1452,79799.298,Transformer
2025-02-21  *06:34:31,64QAM,frequency1:4G,frequency2:20G,memory depth:10,,
0.007787,0.028252,-15.489506,0.87942,907.1452,79799.298,Transformer
2025-02-21  *07:10:11,64QAM,frequency1:4G,frequency2:20G,memory depth:10,,
0.007629,0.02768,-15.578413,0.882331,907.1452,79799.298,Transformer
2025-02-21  *07:33:32,16QAM,frequency1:1G,frequency2:5G,memory depth:5,,
,,,,,,
2025-02-21  *07:36:48,sample rate:100,band width:Ka,memory depth:5,,,
0.123555,0.020187,-16.949207,0.93143,508.1743,79799.298,Transformer
2025-02-21  *07:43:00,sample rate:100,band width:Ka,memory depth:10,,,
0.104428,0.010725,-19.69594,0.943303,907.1452,79799.298,Transformer
2025-02-21  *07:49:15,sample rate:100,band width:QV,memory depth:5,,,
2025-02-21  *07:50:00,sample rate:200,band width:QV,memory depth:10,,,
2025-02-21  *07:50:25,sample rate:200,band width:QV,memory depth:10,,,
2025-02-21  *07:51:13,sample rate:200,band width:QV,memory depth:10,,,
0.12665,0.012337,-19.087927,0.925806,953.2908,92388.354,Informer
###,,,,,,
2025-02-21  *08:05:54,sample rate:100,band width:Ka,memory depth:5,,,
0.123555,0.020187,-16.949207,0.93143,508.1743,79799.298,Transformer
0.110192,0.018004,-17.446281,0.935354,550.1338,92388.354,Informer
2025-02-21  *08:18:00,sample rate:100,band width:Ka,memory depth:10,,,
0.104428,0.010725,-19.69594,0.943303,907.1452,79799.298,Transformer
0.0995,0.010219,-19.90591,0.944517,953.2908,92388.354,Informer
2025-02-21  *08:31:47,sample rate:100,band width:QV,memory depth:5,,,
0.064359,0.00976,-20.105503,0.933526,508.1743,79799.298,Transformer
0.059422,0.009011,-20.452139,0.93047,550.1338,92388.354,Informer
2025-02-21  *08:44:11,sample rate:100,band width:QV,memory depth:10,,,
0.081401,0.007655,-21.16032,0.937047,907.1452,79799.298,Transformer
0.087413,0.008221,-20.85085,0.931545,953.2908,92388.354,Informer
2025-02-21  *09:01:08,sample rate:200,band width:Ka,memory depth:5,,,
0.254286,0.045891,-13.382741,0.891799,508.1743,79799.298,Transformer
0.249988,0.045115,-13.45677,0.890261,550.1338,92388.354,Informer
2025-02-21  *09:15:25,sample rate:200,band width:Ka,memory depth:10,,,
0.361903,0.042655,-13.700274,0.897011,907.1452,79799.298,Transformer
0.377488,0.044492,-13.517164,0.896994,953.2908,92388.354,Informer
2025-02-21  *09:36:06,sample rate:200,band width:QV,memory depth:5,,,
0.084627,0.013423,-18.721354,0.926777,508.1743,79799.298,Transformer
0.083064,0.013176,-18.80231,0.924114,550.1338,92388.354,Informer
2025-02-21  *09:52:48,sample rate:200,band width:QV,memory depth:10,,,
0.11956,0.011646,-19.33812,0.928976,907.1452,79799.298,Transformer
0.12665,0.012337,-19.087927,0.925806,953.2908,92388.354,Informer
2025-02-21  *10:09:06,16QAM,frequency1:1G,frequency2:5G,memory depth:5,,
0.000151,0.005945,-22.258766,0.949618,508.1743,79799.298,Transformer
0.000224,0.008824,-20.543333,0.946634,550.1338,92388.354,Informer
2025-02-21  *10:24:46,16QAM,frequency1:1G,frequency2:5G,memory depth:10,,
0.00015,0.006311,-21.999056,0.952019,907.1452,79799.298,Transformer
0.000304,0.012778,-18.935287,0.944412,953.2908,92388.354,Informer
2025-02-21  *10:43:49,16QAM,frequency1:2G,frequency2:10G,memory depth:5,,
0.000148,0.009174,-20.374468,0.933714,508.1743,79799.298,Transformer
0.000175,0.010875,-19.635616,0.942027,550.1338,92388.354,Informer
2025-02-21  *11:11:44,16QAM,frequency1:2G,frequency2:10G,memory depth:10,,
0.000135,0.008946,-20.483921,0.937699,907.1452,79799.298,Transformer
0.000211,0.013977,-18.545855,0.935222,953.2908,92388.354,Informer
2025-02-21  *11:38:59,16QAM,frequency1:4G,frequency2:20G,memory depth:5,,
0.000917,0.040628,-13.911741,0.886335,508.1743,79799.298,Transformer
0.000924,0.040917,-13.880924,0.887896,550.1338,92388.354,Informer
2025-02-21  *12:25:27,16QAM,frequency1:4G,frequency2:20G,memory depth:10,,
0.000582,0.027514,-15.604409,0.897912,907.1452,79799.298,Transformer
0.0006,0.028396,-15.467477,0.899658,953.2908,92388.354,Informer
2025-02-21  *13:17:12,64QAM,frequency1:1G,frequency2:5G,memory depth:5,,
0.010555,0.001899,-27.214512,0.934907,508.1743,79799.298,Transformer
0.011101,0.001997,-26.99548,0.940001,550.1338,92388.354,Informer
2025-02-21  *13:31:38,64QAM,frequency1:1G,frequency2:5G,memory depth:10,,
0.010472,0.001296,-28.873426,0.936962,907.1452,79799.298,Transformer
0.017954,0.002222,-26.532137,0.944656,953.2908,92388.354,Informer
2025-02-21  *13:44:11,64QAM,frequency1:2G,frequency2:10G,memory depth:5,,
0.00549,0.005606,-22.513298,0.923562,508.1743,79799.298,Transformer
0.005891,0.006016,-22.207157,0.92186,550.1338,92388.354,Informer
2025-02-21  *14:04:04,64QAM,frequency1:2G,frequency2:10G,memory depth:10,,
0.005263,0.005392,-22.682753,0.92327,907.1452,79799.298,Transformer
0.005543,0.005679,-22.457369,0.922785,953.2908,92388.354,Informer
2025-02-21  *14:36:16,64QAM,frequency1:4G,frequency2:20G,memory depth:5,,
0.011514,0.039649,-14.017678,0.868029,508.1743,79799.298,Transformer
0.011425,0.039344,-14.051227,0.870042,550.1338,92388.354,Informer
2025-02-21  *15:16:20,64QAM,frequency1:4G,frequency2:20G,memory depth:10,,
0.006982,0.025254,-15.976688,0.886429,907.1452,79799.298,Transformer
0.006982,0.025252,-15.97701,0.887076,953.2908,92388.354,Informer
2025-02-22  *06:15:49,sample rate:100,band width:Ka,memory depth:5,,,
###,,,,,,
2025-02-22  *06:17:25,sample rate:100,band width:Ka,memory depth:5,,,
0.089645,0.013146,-18.81213,0.951868,508.1743,79799.298,Transformer
0.074134,0.010871,-19.637232,0.95596,550.1338,92388.354,Informer
2025-02-22  *06:30:09,sample rate:100,band width:Ka,memory depth:10,,,
0.043673,0.004026,-23.95179,0.96395,907.1452,79799.298,Transformer
0.045423,0.004187,-23.781212,0.967233,953.2908,92388.354,Informer
2025-02-22  *06:44:07,sample rate:100,band width:QV,memory depth:5,,,
0.039201,0.005704,-22.438242,0.950286,508.1743,79799.298,Transformer
0.034943,0.005084,-22.93762,0.947105,550.1338,92388.354,Informer
2025-02-22  *06:56:15,sample rate:100,band width:QV,memory depth:10,,,
0.040524,0.003656,-24.36935,0.952911,907.1452,79799.298,Transformer
0.043106,0.003889,-24.101152,0.951574,953.2908,92388.354,Informer
2025-02-22  *07:27:45,sample rate:200,band width:Ka,memory depth:5,,,
0.233747,0.037738,-14.232211,0.882268,508.1743,79799.298,Transformer
0.229671,0.03708,-14.308614,0.88458,550.1338,92388.354,Informer
2025-02-22  *07:37:49,sample rate:200,band width:Ka,memory depth:10,,,
0.330039,0.034799,-14.584333,0.885549,907.1452,79799.298,Transformer
0.335115,0.035334,-14.518049,0.884252,953.2908,92388.354,Informer
2025-02-22  *07:58:27,sample rate:200,band width:QV,memory depth:5,,,
0.06395,0.009664,-20.148449,0.929176,508.1743,79799.298,Transformer
0.06242,0.009433,-20.25363,0.928932,550.1338,92388.354,Informer
2025-02-22  *08:14:01,sample rate:200,band width:QV,memory depth:10,,,
0.089298,0.008287,-20.816044,0.928912,907.1452,79799.298,Transformer
0.093505,0.008677,-20.616138,0.92939,953.2908,92388.354,Informer
2025-02-22  *08:30:01,16QAM,frequency1:1G,frequency2:5G,memory depth:5,,
0.00011,0.0048,-23.187256,0.941946,508.1743,79799.298,Transformer
0.000162,0.007081,-21.498793,0.933838,550.1338,92388.354,Informer
2025-02-22  *08:45:33,16QAM,frequency1:1G,frequency2:5G,memory depth:10,,
0.000109,0.005114,-22.912231,0.948553,907.1452,79799.298,Transformer
0.000261,0.012186,-19.141567,0.917331,953.2908,92388.354,Informer
2025-02-22  *09:04:12,16QAM,frequency1:2G,frequency2:10G,memory depth:5,,
0.000114,0.006602,-21.803225,0.928062,508.1743,79799.298,Transformer
0.000147,0.008545,-20.682999,0.925543,550.1338,92388.354,Informer
2025-02-22  *09:32:03,16QAM,frequency1:2G,frequency2:10G,memory depth:10,,
0.000108,0.006706,-21.73525,0.924596,907.1452,79799.298,Transformer
0.000184,0.011412,-19.426384,0.924852,953.2908,92388.354,Informer
2025-02-22  *09:59:20,16QAM,frequency1:4G,frequency2:20G,memory depth:5,,
0.000942,0.041928,-13.77492,0.873671,508.1743,79799.298,Transformer
0.000941,0.04188,-13.779894,0.877475,550.1338,92388.354,Informer
2025-02-22  *10:48:30,16QAM,frequency1:4G,frequency2:20G,memory depth:10,,
0.000572,0.027174,-15.658435,0.894288,907.1452,79799.298,Transformer
0.000596,0.028331,-15.477364,0.897385,953.2908,92388.354,Informer
2025-02-22  *11:40:55,64QAM,frequency1:1G,frequency2:5G,memory depth:5,,
0.012906,0.002336,-26.315712,0.941214,508.1743,79799.298,Transformer
0.012278,0.002222,-26.532433,0.940443,550.1338,92388.354,Informer
2025-02-22  *11:55:31,64QAM,frequency1:1G,frequency2:5G,memory depth:10,,
0.013965,0.001739,-27.597607,0.943887,907.1452,79799.298,Transformer
0.021431,0.002668,-25.737541,0.939002,953.2908,92388.354,Informer
2025-02-22  *12:08:24,64QAM,frequency1:2G,frequency2:10G,memory depth:5,,
0.005484,0.005758,-22.397623,0.915557,508.1743,79799.298,Transformer
0.005759,0.006046,-22.18523,0.915715,550.1338,92388.354,Informer
2025-02-22  *12:29:09,64QAM,frequency1:2G,frequency2:10G,memory depth:10,,
0.005107,0.00538,-22.691814,0.91443,907.1452,79799.298,Transformer
0.005484,0.005777,-22.383007,0.914707,953.2908,92388.354,Informer
2025-02-22  *13:02:52,64QAM,frequency1:4G,frequency2:20G,memory depth:5,,
0.011903,0.043294,-13.635714,0.874096,508.1743,79799.298,Transformer
0.011805,0.042936,-13.671835,0.872504,550.1338,92388.354,Informer
2025-02-22  *13:44:18,64QAM,frequency1:4G,frequency2:20G,memory depth:10,,
0.007076,0.02703,-15.681574,0.890585,907.1452,79799.298,Transformer
0.007071,0.027012,-15.684462,0.890884,953.2908,92388.354,Informer
###,,,,,,
2025-02-23  *06:46:45,sample rate:100,band width:Ka,memory depth:5,,,
Transformer,0.013146,-18.81213,,,,
Informer,0.010831,-19.65348,,,,
2025-02-23  *06:46:59,sample rate:100,band width:Ka,memory depth:10,,,
Transformer,0.004026,-23.95179,,,,
Informer,0.004267,-23.698639,,,,
2025-02-23  *06:47:15,sample rate:100,band width:QV,memory depth:5,,,
Transformer,0.005704,-22.438242,,,,
Informer,0.005181,-22.856195,,,,
2025-02-23  *06:47:28,sample rate:100,band width:QV,memory depth:10,,,
Transformer,0.003656,-24.36935,,,,
Informer,0.00406,-23.91426,,,,
2025-02-23  *06:47:43,sample rate:200,band width:Ka,memory depth:5,,,
Informer,0.037137,-14.30192,,,,
2025-02-23  *06:47:54,sample rate:200,band width:Ka,memory depth:10,,,
Transformer,0.034799,-14.584333,,,,
Informer,0.035327,-14.518927,,,,
2025-02-23  *06:48:12,sample rate:200,band width:QV,memory depth:5,,,
Transformer,0.009664,-20.148449,,,,
Informer,0.009438,-20.251152,,,,
2025-02-23  *06:48:27,sample rate:200,band width:QV,memory depth:10,,,
Transformer,0.008287,-20.816044,,,,
Informer,0.00891,-20.50108,,,,
2025-02-23  *06:48:44,16QAM,frequency1:1G,frequency2:5G,memory depth:5,,
Transformer,0.0048,-23.187256,,,,
Informer,0.007503,-21.247696,,,,
2025-02-23  *06:48:55,16QAM,frequency1:1G,frequency2:5G,memory depth:10,,
Transformer,0.005114,-22.912231,,,,
Informer,0.011874,-19.253939,,,,
2025-02-23  *06:49:08,16QAM,frequency1:2G,frequency2:10G,memory depth:5,,
Transformer,0.006602,-21.803225,,,,
Informer,0.008804,-20.553375,,,,
2025-02-23  *06:49:22,16QAM,frequency1:2G,frequency2:10G,memory depth:10,,
Transformer,0.006706,-21.73525,,,,
Informer,0.0116,-19.35541,,,,
2025-02-23  *06:49:42,16QAM,frequency1:4G,frequency2:20G,memory depth:5,,
Transformer,0.041928,-13.77492,,,,
Informer,0.041762,-13.792179,,,,
2025-02-23  *06:50:02,16QAM,frequency1:4G,frequency2:20G,memory depth:10,,
Transformer,0.027174,-15.658435,,,,
Informer,0.028329,-15.477678,,,,
2025-02-23  *06:50:27,64QAM,frequency1:1G,frequency2:5G,memory depth:5,,
Transformer,0.002336,-26.315712,,,,
Informer,0.002139,-26.697495,,,,
2025-02-23  *06:50:39,64QAM,frequency1:1G,frequency2:5G,memory depth:10,,
Transformer,0.001739,-27.597607,,,,
Informer,0.002641,-25.782373,,,,
2025-02-23  *06:50:53,64QAM,frequency1:2G,frequency2:10G,memory depth:5,,
Transformer,0.005758,-22.397623,,,,
Informer,0.006017,-22.206417,,,,
2025-02-23  *06:51:09,64QAM,frequency1:2G,frequency2:10G,memory depth:10,,
Transformer,0.00538,-22.691814,,,,
Informer,0.005771,-22.387127,,,,
2025-02-23  *06:51:26,64QAM,frequency1:4G,frequency2:20G,memory depth:5,,
Transformer,0.043294,-13.635714,,,,
Informer,0.042772,-13.688398,,,,
2025-02-23  *06:51:46,64QAM,frequency1:4G,frequency2:20G,memory depth:10,,
Transformer,0.02703,-15.681574,,,,
Informer,0.026965,-15.691994,,,,
,,,,,,
,,,,,,
,,,,,,
2025-02-23  *06:53:50,sample rate:200,band width:Ka,memory depth:5,,,
Transformer,0.037738,-14.232211,,,,
Informer,0.03708,-14.308614,,,,
2025-02-23  *07:07:53,sample rate:200,band width:Ka,memory depth:10,,,
Transformer,0.034799,-14.584333,,,,
@@@,,,,,,
2025-02-23  *07:16:57,sample rate:200,band width:Ka,memory depth:5,,,
Transformer,0.037738,-14.232211,,,,
Informer,0.037137,-14.30192,,,,
2025-02-23  *07:17:12,sample rate:200,band width:Ka,memory depth:10,,,
Transformer,0.034799,-14.584333,,,,
Informer,0.035327,-14.518927,,,,
2025-02-23  *07:17:29,16QAM,frequency1:1G,frequency2:5G,memory depth:5,,
Transformer,0.0048,-23.187256,,,,
Informer,0.007503,-21.247696,,,,
2025-02-23  *07:17:40,16QAM,frequency1:1G,frequency2:5G,memory depth:10,,
Transformer,0.005114,-22.912231,,,,
Informer,0.011874,-19.253939,,,,
2025-02-23  *07:17:54,16QAM,frequency1:2G,frequency2:10G,memory depth:5,,
Transformer,0.006602,-21.803225,,,,
Informer,0.008804,-20.553375,,,,
2025-02-23  *07:18:10,16QAM,frequency1:2G,frequency2:10G,memory depth:10,,
Transformer,0.006706,-21.73525,,,,
Informer,0.0116,-19.35541,,,,
2025-02-23  *07:18:28,16QAM,frequency1:4G,frequency2:20G,memory depth:5,,
Transformer,0.041928,-13.77492,,,,
Informer,0.041762,-13.792179,,,,
2025-02-23  *07:18:48,16QAM,frequency1:4G,frequency2:20G,memory depth:10,,
Transformer,0.027174,-15.658435,,,,
Informer,0.028329,-15.477678,,,,
2025-02-23  *07:19:17,64QAM,frequency1:1G,frequency2:5G,memory depth:5,,
Transformer,0.002336,-26.315712,,,,
Informer,0.002139,-26.697495,,,,
2025-02-23  *07:19:28,64QAM,frequency1:1G,frequency2:5G,memory depth:10,,
Transformer,0.001739,-27.597607,,,,
Informer,0.002641,-25.782373,,,,
2025-02-23  *07:19:41,64QAM,frequency1:2G,frequency2:10G,memory depth:5,,
Transformer,0.005758,-22.397623,,,,
Informer,0.006017,-22.206417,,,,
2025-02-23  *07:19:58,64QAM,frequency1:2G,frequency2:10G,memory depth:10,,
Transformer,0.00538,-22.691814,,,,
Informer,0.005771,-22.387127,,,,
2025-02-23  *07:20:16,64QAM,frequency1:4G,frequency2:20G,memory depth:5,,
Transformer,0.043294,-13.635714,,,,
Informer,0.042772,-13.688398,,,,
2025-02-23  *07:20:38,64QAM,frequency1:4G,frequency2:20G,memory depth:10,,
Transformer,0.02703,-15.681574,,,,
Informer,0.026965,-15.691994,,,,
###,,,,,,
2025-02-23  *14:12:03,sample rate:100,band width:Ka,memory depth:5,,,
Transformer,0.013146,-18.81213,,,,
Informer,0.010831,-19.65348,,,,
2025-02-23  *14:12:16,sample rate:100,band width:Ka,memory depth:10,,,
Transformer,0.004026,-23.95179,,,,
Informer,0.004267,-23.698639,,,,
2025-02-23  *14:12:31,sample rate:200,band width:Ka,memory depth:5,,,
Transformer,0.037738,-14.232211,,,,
Informer,0.037137,-14.30192,,,,
2025-02-23  *14:12:47,sample rate:200,band width:Ka,memory depth:10,,,
Transformer,0.034799,-14.584333,,,,
Informer,0.035327,-14.518927,,,,
2025-02-23  *14:13:03,16QAM,frequency1:1G,frequency2:5G,memory depth:5,,
Transformer,0.0048,-23.187256,,,,
Informer,0.007503,-21.247696,,,,
2025-02-23  *14:13:15,16QAM,frequency1:1G,frequency2:5G,memory depth:10,,
Transformer,0.005114,-22.912231,,,,
Informer,0.011874,-19.253939,,,,
2025-02-23  *14:13:29,16QAM,frequency1:2G,frequency2:10G,memory depth:5,,
Transformer,0.006602,-21.803225,,,,
Informer,0.008804,-20.553375,,,,
2025-02-23  *14:13:45,16QAM,frequency1:2G,frequency2:10G,memory depth:10,,
Transformer,0.006706,-21.73525,,,,
Informer,0.0116,-19.35541,,,,
2025-02-23  *14:14:05,16QAM,frequency1:4G,frequency2:20G,memory depth:5,,
Transformer,0.041928,-13.77492,,,,
Informer,0.041762,-13.792179,,,,
2025-02-23  *14:14:25,16QAM,frequency1:4G,frequency2:20G,memory depth:10,,
Transformer,0.027174,-15.658435,,,,
Informer,0.028329,-15.477678,,,,
2025-02-23  *14:14:48,64QAM,frequency1:1G,frequency2:5G,memory depth:5,,
Transformer,0.002336,-26.315712,,,,
Informer,0.002139,-26.697495,,,,
2025-02-23  *14:15:00,64QAM,frequency1:1G,frequency2:5G,memory depth:10,,
Transformer,0.001739,-27.597607,,,,
Informer,0.002641,-25.782373,,,,
2025-02-23  *14:15:13,64QAM,frequency1:2G,frequency2:10G,memory depth:5,,
Transformer,0.005758,-22.397623,,,,
Informer,0.006017,-22.206417,,,,
2025-02-23  *14:15:29,64QAM,frequency1:2G,frequency2:10G,memory depth:10,,
Transformer,0.00538,-22.691814,,,,
Informer,0.005771,-22.387127,,,,
2025-02-23  *14:15:48,64QAM,frequency1:4G,frequency2:20G,memory depth:5,,
Transformer,0.043294,-13.635714,,,,
Informer,0.042772,-13.688398,,,,
2025-02-23  *14:16:08,64QAM,frequency1:4G,frequency2:20G,memory depth:10,,
Transformer,0.02703,-15.681574,,,,
Informer,0.026965,-15.691994,,,,
###,,,,,,
2025-02-23  *14:29:32,sample rate:100,band width:Ka,memory depth:5,,,
Transformer,0.013146,-18.81213,,,,
Informer,0.010831,-19.65348,,,,
2025-02-23  *14:29:46,sample rate:100,band width:Ka,memory depth:10,,,
Transformer,0.004026,-23.95179,,,,
Informer,0.004267,-23.698639,,,,
2025-02-23  *14:30:01,sample rate:100,band width:QV,memory depth:5,,,
Transformer,0.005704,-22.438242,,,,
Informer,0.005181,-22.856195,,,,
2025-02-23  *14:30:14,sample rate:100,band width:QV,memory depth:10,,,
Transformer,0.003656,-24.36935,,,,
Informer,0.00406,-23.91426,,,,
2025-02-23  *14:30:29,sample rate:200,band width:Ka,memory depth:5,,,
Transformer,0.037738,-14.232211,,,,
Informer,0.037137,-14.30192,,,,
2025-02-23  *14:30:45,sample rate:200,band width:Ka,memory depth:10,,,
Transformer,0.034799,-14.584333,,,,
Informer,0.035327,-14.518927,,,,
2025-02-23  *14:31:03,sample rate:200,band width:QV,memory depth:5,,,
Transformer,0.009664,-20.148449,,,,
Informer,0.009438,-20.251152,,,,
2025-02-23  *14:31:18,sample rate:200,band width:QV,memory depth:10,,,
Transformer,0.008287,-20.816044,,,,
Informer,0.00891,-20.50108,,,,
2025-02-23  *14:31:37,16QAM,frequency1:1G,frequency2:5G,memory depth:5,,
Transformer,0.0048,-23.187256,,,,
Informer,0.007503,-21.247696,,,,
2025-02-23  *14:31:48,16QAM,frequency1:1G,frequency2:5G,memory depth:10,,
Transformer,0.005114,-22.912231,,,,
Informer,0.011874,-19.253939,,,,
2025-02-23  *14:32:02,16QAM,frequency1:2G,frequency2:10G,memory depth:5,,
Transformer,0.006602,-21.803225,,,,
Informer,0.008804,-20.553375,,,,
2025-02-23  *14:32:18,16QAM,frequency1:2G,frequency2:10G,memory depth:10,,
Transformer,0.006706,-21.73525,,,,
Informer,0.0116,-19.35541,,,,
2025-02-23  *14:32:38,16QAM,frequency1:4G,frequency2:20G,memory depth:5,,
Transformer,0.041928,-13.77492,,,,
Informer,0.041762,-13.792179,,,,
2025-02-23  *14:32:57,16QAM,frequency1:4G,frequency2:20G,memory depth:10,,
Transformer,0.027174,-15.658435,,,,
Informer,0.028329,-15.477678,,,,
2025-02-23  *14:33:21,64QAM,frequency1:1G,frequency2:5G,memory depth:5,,
Transformer,0.002336,-26.315712,,,,
Informer,0.002139,-26.697495,,,,
2025-02-23  *14:33:32,64QAM,frequency1:1G,frequency2:5G,memory depth:10,,
Transformer,0.001739,-27.597607,,,,
Informer,0.002641,-25.782373,,,,
2025-02-23  *14:33:45,64QAM,frequency1:2G,frequency2:10G,memory depth:5,,
Transformer,0.005758,-22.397623,,,,
Informer,0.006017,-22.206417,,,,
2025-02-23  *14:34:01,64QAM,frequency1:2G,frequency2:10G,memory depth:10,,
Transformer,0.00538,-22.691814,,,,
Informer,0.005771,-22.387127,,,,
2025-02-23  *14:34:20,64QAM,frequency1:4G,frequency2:20G,memory depth:5,,
Transformer,0.043294,-13.635714,,,,
Informer,0.042772,-13.688398,,,,
2025-02-23  *14:34:41,64QAM,frequency1:4G,frequency2:20G,memory depth:10,,
Transformer,0.02703,-15.681574,,,,
Informer,0.026965,-15.691994,,,,
,,,,,,
###,8:02,original,,,,
2025-02-24  *08:07:40,sample rate:100,band width:Ka,memory depth:5,,,
Transformer,0.013962,-18.550465,,,,
Informer,0.010427,-19.818394,,,,
2025-02-24  *08:36:20,sample rate:100,band width:Ka,memory depth:10,,,
Transformer,0.005811,-22.357647,,,,
Informer,0.006361,-21.964827,,,,
2025-02-24  *08:57:23,sample rate:100,band width:QV,memory depth:5,,,
Transformer,0.005514,-22.585089,,,,
Informer,0.004918,-23.081953,,,,
2025-02-24  *09:45:12,sample rate:100,band width:QV,memory depth:10,,,
Transformer,0.003842,-24.154074,,,,
Informer,0.004751,-23.231697,,,,
2025-02-24  *10:13:19,sample rate:200,band width:Ka,memory depth:5,,,
Transformer,0.037507,-14.258856,,,,
Informer,0.036824,-14.338709,,,,
2025-02-24  *10:49:06,sample rate:200,band width:Ka,memory depth:10,,,
Transformer,0.035411,-14.508646,,,,
Informer,0.03548,-14.500113,,,,
2025-02-24  *11:28:04,sample rate:200,band width:QV,memory depth:5,,,
Transformer,0.011419,-19.423706,,,,
Informer,0.010891,-19.629305,,,,
2025-02-24  *11:55:38,sample rate:200,band width:QV,memory depth:10,,,
Transformer,0.01042,-19.821266,,,,
Informer,0.010819,-19.657957,,,,
2025-02-24  *12:26:52,16QAM,frequency1:1G,frequency2:5G,memory depth:5,,
Transformer,0.002893,-25.385859,,,,
Informer,0.005065,-22.95408,,,,
2025-02-24  *12:53:33,16QAM,frequency1:1G,frequency2:5G,memory depth:10,,
Transformer,0.003112,-25.069042,,,,
Informer,0.007545,-21.223495,,,,
2025-02-24  *13:26:06,16QAM,frequency1:2G,frequency2:10G,memory depth:5,,
Transformer,0.005971,-22.239382,,,,
Informer,0.007575,-21.206415,,,,
2025-02-24  *14:17:20,16QAM,frequency1:2G,frequency2:10G,memory depth:10,,
Transformer,0.005852,-22.327002,,,,
Informer,0.009009,-20.453209,,,,
2025-02-24  *15:13:27,16QAM,frequency1:4G,frequency2:20G,memory depth:5,,
Transformer,0.043093,-13.655928,,,,
Informer,0.043377,-13.627398,,,,
2025-02-24  *16:11:12,16QAM,frequency1:4G,frequency2:20G,memory depth:10,,
Transformer,0.027293,-15.639498,,,,
Informer,0.028468,-15.456377,,,,
2025-02-24  *18:02:56,64QAM,frequency1:1G,frequency2:5G,memory depth:5,,
Transformer,0.00188,-27.257607,,,,
Informer,0.001788,-27.476784,,,,
2025-02-24  *18:22:12,64QAM,frequency1:1G,frequency2:5G,memory depth:10,,
Transformer,0.001318,-28.799984,,,,
Informer,0.001611,-27.92919,,,,
2025-02-24  *18:48:14,64QAM,frequency1:2G,frequency2:10G,memory depth:5,,
Transformer,0.006376,-21.954767,,,,
Informer,0.006459,-21.898441,,,,
2025-02-24  *19:31:41,64QAM,frequency1:2G,frequency2:10G,memory depth:10,,
Transformer,0.006048,-22.184088,,,,
Informer,0.006086,-22.156975,,,,
2025-02-24  *20:15:16,64QAM,frequency1:4G,frequency2:20G,memory depth:5,,
Transformer,0.042243,-13.742417,,,,
Informer,0.042905,-13.674942,,,,
2025-02-24  *21:34:31,64QAM,frequency1:4G,frequency2:20G,memory depth:10,,
Transformer,0.027692,-15.576444,,,,
Informer,0.028118,-15.510208,,,,
,,,,,,
###,8:08,original,,,,
2025-02-25  *05:21:51,sample rate:100,band width:Ka,memory depth:5,,,
Transformer,0.013482,-18.702509,,,,
Informer,0.009997,-20.001366,,,,
2025-02-25  *05:23:04,sample rate:100,band width:Ka,memory depth:10,,,
Transformer,0.0057,-22.44107,,,,
Informer,0.006166,-22.099934,,,,
2025-02-25  *05:24:30,sample rate:100,band width:QV,memory depth:5,,,
Transformer,0.006098,-22.148315,,,,
Informer,0.005583,-22.531015,,,,
2025-02-25  *05:25:38,sample rate:100,band width:QV,memory depth:10,,,
Transformer,0.004464,-23.50323,,,,
Informer,0.005086,-22.935888,,,,
2025-02-25  *05:27:01,sample rate:200,band width:Ka,memory depth:5,,,
Transformer,0.038028,-14.198932,,,,
Informer,0.037417,-14.269342,,,,
2025-02-25  *05:28:41,sample rate:200,band width:Ka,memory depth:10,,,
Transformer,0.035141,-14.541912,,,,
Informer,0.035567,-14.489494,,,,
2025-02-25  *05:30:42,sample rate:200,band width:QV,memory depth:5,,,
Transformer,0.010437,-19.814117,,,,
Informer,0.010192,-19.91748,,,,
2025-02-25  *05:32:18,sample rate:200,band width:QV,memory depth:10,,,
Transformer,0.009324,-20.304148,,,,
Informer,0.009767,-20.102455,,,,
2025-02-25  *05:34:26,16QAM,frequency1:1G,frequency2:5G,memory depth:5,,
Transformer,0.003068,-25.132122,,,,
Informer,0.005013,-22.999443,,,,
2025-02-25  *05:35:23,16QAM,frequency1:1G,frequency2:5G,memory depth:10,,
Transformer,0.002873,-25.417091,,,,
Informer,0.007324,-21.352638,,,,
2025-02-25  *05:36:32,16QAM,frequency1:2G,frequency2:10G,memory depth:5,,
Transformer,0.006182,-22.08895,,,,
Informer,0.007547,-21.222488,,,,
2025-02-25  *05:38:12,16QAM,frequency1:2G,frequency2:10G,memory depth:10,,
Transformer,0.005584,-22.530212,,,,
Informer,0.008509,-20.701227,,,,
2025-02-25  *05:40:21,16QAM,frequency1:4G,frequency2:20G,memory depth:5,,
Transformer,0.039808,-14.000311,,,,
Informer,0.04012,-13.966425,,,,
2025-02-25  *05:43:14,16QAM,frequency1:4G,frequency2:20G,memory depth:10,,
Transformer,0.024789,-16.05746,,,,
Informer,0.026202,-15.816647,,,,
2025-02-25  *05:46:36,64QAM,frequency1:1G,frequency2:5G,memory depth:5,,
Transformer,0.001787,-27.4794,,,,
Informer,0.00165,-27.825396,,,,
2025-02-25  *05:47:37,64QAM,frequency1:1G,frequency2:5G,memory depth:10,,
Transformer,0.00121,-29.173384,,,,
Informer,0.001588,-27.99261,,,,
2025-02-25  *05:48:42,64QAM,frequency1:2G,frequency2:10G,memory depth:5,,
Transformer,0.005531,-22.571709,,,,
Informer,0.005632,-22.49368,,,,
2025-02-25  *05:50:31,64QAM,frequency1:2G,frequency2:10G,memory depth:10,,
Transformer,0.004896,-23.101809,,,,
Informer,0.005177,-22.859108,,,,
2025-02-25  *05:52:25,64QAM,frequency1:4G,frequency2:20G,memory depth:5,,
Transformer,0.039958,-13.983944,,,,
Informer,0.040541,-13.921106,,,,
2025-02-25  *05:55:16,64QAM,frequency1:4G,frequency2:20G,memory depth:10,,
Transformer,0.025049,-16.0121,,,,
Informer,0.025546,-15.926799,,,,
,,,,,,
###,8:02,enhancement,,,,
2025-02-25  *08:55:56,sample rate:100,band width:Ka,memory depth:5,,,
Transformer,0.018185,-17.402866,,,,
Informer,0.019247,-17.156418,,,,
2025-02-25  *09:19:43,sample rate:100,band width:Ka,memory depth:10,,,
Transformer,0.01237,-19.076365,,,,
Informer,0.020045,-16.97989,,,,
2025-02-25  *09:41:17,sample rate:100,band width:QV,memory depth:5,,,
Transformer,0.016334,-17.869131,,,,
Informer,0.015028,-18.231043,,,,
2025-02-25  *10:19:32,sample rate:100,band width:QV,memory depth:10,,,
Transformer,0.017478,-17.57515,,,,
Informer,0.025783,-15.886671,,,,
2025-02-25  *10:49:07,sample rate:200,band width:Ka,memory depth:5,,,
Transformer,0.037963,-14.20638,,,,
Informer,0.040016,-13.97768,,,,
2025-02-25  *11:28:04,sample rate:200,band width:Ka,memory depth:10,,,
Transformer,0.038805,-14.111109,,,,
Informer,0.045076,-13.460562,,,,
2025-02-25  *12:15:26,sample rate:200,band width:QV,memory depth:5,,,
Transformer,0.016481,-17.83018,,,,
Informer,0.020542,-16.873549,,,,
2025-02-25  *12:54:15,sample rate:200,band width:QV,memory depth:10,,,
Transformer,0.019583,-17.081282,,,,
Informer,0.031858,-14.967821,,,,
2025-02-25  *13:41:22,16QAM,frequency1:1G,frequency2:5G,memory depth:5,,
Transformer,0.000834,-30.788193,,,,
Informer,0.000604,-32.18962,,,,
2025-02-25  *14:17:03,16QAM,frequency1:1G,frequency2:5G,memory depth:10,,
Transformer,0.001026,-29.890244,,,,
Informer,0.000897,-30.473919,,,,
2025-02-25  *14:49:45,16QAM,frequency1:2G,frequency2:10G,memory depth:5,,
Transformer,0.000189,-37.244717,,,,
Informer,0.000416,-33.812965,,,,
2025-02-25  *15:45:41,16QAM,frequency1:2G,frequency2:10G,memory depth:10,,
Transformer,0.000255,-35.9424,,,,
Informer,0.000574,-32.41318,,,,
2025-02-25  *16:41:22,16QAM,frequency1:4G,frequency2:20G,memory depth:5,,
Transformer,0.003528,-24.524155,,,,
Informer,0.003488,-24.57473,,,,
2025-02-25  *18:33:00,16QAM,frequency1:4G,frequency2:20G,memory depth:10,,
Transformer,0.002078,-26.822798,,,,
Informer,0.002088,-26.801779,,,,
2025-02-25  *20:13:07,64QAM,frequency1:1G,frequency2:5G,memory depth:5,,
Transformer,0.002355,-26.279852,,,,
Informer,0.002473,-26.068613,,,,
2025-02-25  *20:36:34,64QAM,frequency1:1G,frequency2:5G,memory depth:10,,
Transformer,0.001534,-28.141197,,,,
Informer,0.002877,-25.410278,,,,
2025-02-25  *20:54:22,64QAM,frequency1:2G,frequency2:10G,memory depth:5,,
Transformer,0.005851,-22.327736,,,,
Informer,0.005867,-22.315895,,,,
2025-02-25  *21:36:31,64QAM,frequency1:2G,frequency2:10G,memory depth:10,,
Transformer,0.005588,-22.527592,,,,
Informer,0.005786,-22.37635,,,,
2025-02-25  *22:25:06,64QAM,frequency1:4G,frequency2:20G,memory depth:5,,
Transformer,0.03447,-14.625611,,,,
Informer,0.033481,-14.75202,,,,
2025-02-25  *23:44:19,64QAM,frequency1:4G,frequency2:20G,memory depth:10,,
Transformer,0.021944,-16.586891,,,,
Informer,0.021458,-16.684052,,,,
,,,,,,
###,8:08,enhancement,,,,
2025-02-26  *04:09:48,sample rate:100,band width:Ka,memory depth:5,,,
Transformer,0.018801,-17.258097,,,,
Informer,0.018842,-17.24869,,,,
2025-02-26  *04:10:56,sample rate:100,band width:Ka,memory depth:10,,,
Transformer,0.01187,-19.255375,,,,
Informer,0.018047,-17.435972,,,,
2025-02-26  *04:12:20,sample rate:100,band width:QV,memory depth:5,,,
Transformer,0.017279,-17.624716,,,,
Informer,0.01588,-17.991552,,,,
2025-02-26  *04:13:26,sample rate:100,band width:QV,memory depth:10,,,
Transformer,0.018207,-17.39766,,,,
Informer,0.026517,-15.764771,,,,
2025-02-26  *04:14:53,sample rate:200,band width:Ka,memory depth:5,,,
Transformer,0.03927,-14.059446,,,,
Informer,0.040568,-13.918169,,,,
2025-02-26  *04:16:28,sample rate:200,band width:Ka,memory depth:10,,,
Transformer,0.039728,-14.00902,,,,
Informer,0.04372,-13.593231,,,,
2025-02-26  *04:18:29,sample rate:200,band width:QV,memory depth:5,,,
Transformer,0.015945,-17.97374,,,,
Informer,0.019199,-17.167221,,,,
2025-02-26  *04:20:04,sample rate:200,band width:QV,memory depth:10,,,
Transformer,0.019166,-17.174606,,,,
Informer,0.03031,-15.184175,,,,
2025-02-26  *04:21:59,16QAM,frequency1:1G,frequency2:5G,memory depth:5,,
Transformer,0.000903,-30.443266,,,,
Informer,0.000645,-31.905071,,,,
2025-02-26  *04:23:52,16QAM,frequency1:1G,frequency2:5G,memory depth:10,,
Transformer,0.001115,-29.52917,,,,
Informer,0.00089,-30.504704,,,,
2025-02-26  *04:25:58,16QAM,frequency1:2G,frequency2:10G,memory depth:5,,
Transformer,0.000166,-37.809586,,,,
Informer,0.000363,-34.400204,,,,
2025-02-26  *04:29:30,16QAM,frequency1:2G,frequency2:10G,memory depth:10,,
Transformer,0.000208,-36.809723,,,,
Informer,0.00048,-33.188526,,,,
2025-02-26  *04:33:25,16QAM,frequency1:4G,frequency2:20G,memory depth:5,,
Transformer,0.003228,-24.911158,,,,
Informer,0.003132,-25.042437,,,,
2025-02-26  *04:58:28,16QAM,frequency1:4G,frequency2:20G,memory depth:10,,
Transformer,0.00183,-27.375143,,,,
Informer,0.00183,-27.374937,,,,
2025-02-26  *05:03:21,64QAM,frequency1:1G,frequency2:5G,memory depth:5,,
Transformer,0.002299,-26.384687,,,,
Informer,0.0025,-26.020298,,,,
2025-02-26  *05:04:15,64QAM,frequency1:1G,frequency2:5G,memory depth:10,,
Transformer,0.001567,-28.048706,,,,
Informer,0.003497,-24.562618,,,,
2025-02-26  *05:05:13,64QAM,frequency1:2G,frequency2:10G,memory depth:5,,
Transformer,0.005115,-22.911444,,,,
Informer,0.005106,-22.919085,,,,
2025-02-26  *05:06:46,64QAM,frequency1:2G,frequency2:10G,memory depth:10,,
Transformer,0.004606,-23.367231,,,,
Informer,0.004745,-23.237791,,,,
2025-02-26  *05:08:28,64QAM,frequency1:4G,frequency2:20G,memory depth:5,,
Transformer,0.03275,-14.847832,,,,
Informer,0.031758,-14.981464,,,,
2025-02-26  *05:11:01,64QAM,frequency1:4G,frequency2:20G,memory depth:10,,
Transformer,0.019968,-16.996622,,,,
Informer,0.019643,-17.06795,,,,
